<?xml version="1.0" encoding="UTF-8"?>
<beans xmlns="http://www.springframework.org/schema/beans"
	xmlns:xsi="http://www.w3.org/2001/XMLSchema-instance"
	xmlns:security="http://www.springframework.org/schema/security"
	xsi:schemaLocation="http://www.springframework.org/schema/security http://www.springframework.org/schema/security/spring-security.xsd
		http://www.springframework.org/schema/beans http://www.springframework.org/schema/beans/spring-beans.xsd">
	
<bean id="customAccessDenied" class="com.google.security.CustomAccessDeniedHandler"></bean>
<!-- <bean id="customLoginSuccess" class="com.google.security.CustomLoginSuccessHandler"></bean> -->
<!-- <bean id="customPasswordEncoder" class="com.google.security.CustomNoOpPasswordEncoder"></bean> -->
<bean id="bcryptPasswordEncoder" class="org.springframework.security.crypto.bcrypt.BCryptPasswordEncoder"></bean>
<bean id="customUserDetailsService" class="com.google.security.CustomUserDetailsService"></bean>

<security:http>
	<security:intercept-url pattern="/sample/all" access="permitAll"/>
	<security:intercept-url pattern="/sample/member" access="hasRole('ROLE_MEMBER')"/>
	<security:intercept-url pattern="/sample/admin" access="hasRole('ROLE_ADMIN')"/>
	<security:form-login login-page="/customLogin"/> <!-- authentication-success-handler-ref="customLoginSuccess"/> -->
	
	<!-- <security:access-denied-handler error-page="/accessError"/> -->
	<security:access-denied-handler ref="customAccessDenied"/>
	
	<!--  <security:csrf disabled="true"/> -->
	
	<security:logout logout-url="/customLogout" invalidate-session="true" delete-cookies="remember-me, JSESSIONID"/>
	
	<security:remember-me data-source-ref = "dataSource" token-validity-seconds="604800"/>

	
</security:http>

<security:authentication-manager>

	<security:authentication-provider user-service-ref="customUserDetailsService">
		
		<!-- <security:user-service>
			<security:user name="member" password="{noop}member" authorities="ROLE_MEMBER"/>
			<security:user name="admin" password="{noop}admin" authorities="ROLE_MEMBER,ROLE_ADMIN"/>
		</security:user-service>	 -->
		
		<!-- <security:jdbc-user-service data-source-ref="dataSource"/> -->
		
<!-- 	<security:password-encoder ref="customPasswordEncoder"/> -->
		<security:password-encoder ref="bcryptPasswordEncoder"/>
		
	</security:authentication-provider>

</security:authentication-manager>



</beans>
