<?xml version="1.0" encoding="UTF-8"?>

<!DOCTYPE mapper
PUBLIC "-//mybatis.org//DTD Mapper 3.0//EN"
"http://mybatis.org/dtd/mybatis-3-mapper.dtd">
<mapper namespace="com.google.mapper.BoardAttachMapper">

<insert id="insert">
INSERT INTO tbl_attach 
VALUES(#{uuid}, #{uploadPath}, #{fileName}, #{fileType}, #{bno})
</insert>

<delete id="delete">
DELETE FROM tbl_attach WHERE uuid = #{uuid}
</delete>

<select id="findByBno" resultType="com.google.domain.BoardAttachVO">
SELECT * FROM tbl_attach WHERE bno = #{bno}
</select>


<delete id="deleteAll">
DELETE FROM tbl_attach WHERE bno = #{bno}
</delete>


<select id="getOldFiles" resultType="com.google.domain.BoardAttachVO">
SELECT * FROM tbl_attach WHERE uploadpath = 
(SELECT DATE_FORMAT(date_add(curdate(), interval-1 day),'%Y\%m\%d'));
</select>

</mapper>