<?xml version="1.0" encoding="UTF-8"?>

<!DOCTYPE mapper
PUBLIC "-//mybatis.org//DTD Mapper 3.0//EN"
"http://mybatis.org/dtd/mybatis-3-mapper.dtd">
<mapper namespace="com.google.mapper.ReplyMapper">


<!-- 댓글등록 -->
<insert id="insert">
INSERT INTO tbl_reply VALUES(null, #{bno}, #{reply}, #{replyer}, now(), now());
</insert>

<!-- 댓글조회 -->
<select id="read" resultType="com.google.domain.ReplyVO">
SELECT * FROM tbl_reply WHERE rno = #{rno}
</select>


<!-- 댓글 삭제 -->
<delete id="delete">
DELETE FROM tbl_reply WHERE rno = #{rno}
</delete>


<!-- 댓글수정 -->
<update id="update">
UPDATE tbl_reply 
SET reply = #{reply}, updatedate=now()
WHERE rno = #{rno}
</update>

<select id="getListWithPaging" resultType="com.google.domain.ReplyVO">
SELECT * FROM tbl_reply 
WHERE bno = #{bno}
ORDER BY rno ASC
LIMIT  #{cri.skip} , #{cri.amount} 
</select>

<select id ="getCountByBno" resultType="int">
SELECT count(*) FROM tbl_reply
WHERE bno=#{bno}

</select>

</mapper>